department,name,id
Sales,Kerluke Group,1
Research and Development,Wisozk-Toy,2
Marketing,Kautzer-Waelchi,3
Marketing,Veum-Yost,4
Human Resources,Reichert Group,5
Human Resources,"Spinka, Boehm and Raynor",6
Services,"Hoppe, Connelly and Kuvalis",7
Product Management,Wiegand Group,8
Services,McCullough and Sons,9
Marketing,Boyle-Cole,10
Marketing,Bode-Gerlach,11
Engineering,Fritsch LLC,12
Sales,"Volkman, Hessel and D'Amore",13
Accounting,Frami LLC,14
Research and Development,Lehner Group,15
Engineering,Gaylord-Kovacek,16
Product Management,Jacobs-Becker,17
Training,"Deckow, Bode and Frami",18
Human Resources,Wyman Inc,19
Training,Harber Group,20
Human Resources,"Hodkiewicz, Murray and Larson",21
Training,Emard-Rau,22
Research and Development,Halvorson-O'Kon,23
Human Resources,"Oberbrunner, Sanford and Nader",24
Product Management,Ratke Inc,25
Legal,"Hermann, Auer and Sporer",26
Legal,Jacobs-Grant,27
Training,"Borer, Mayert and Aufderhar",28
Business Development,"Smitham, Herman and McLaughlin",29
Human Resources,Balistreri-Jaskolski,30
Services,Ferry Inc,31
Marketing,Torphy Inc,32
Legal,"Kihn, Mante and Spencer",33
Business Development,"Schultz, Gibson and Parisian",34
Sales,Wisozk Inc,35
Marketing,"Schinner, Schmeler and McLaughlin",36
Services,Weissnat-Smitham,37
Sales,Stehr Inc,38
Training,Glover-Schumm,39
Training,Larkin Group,40
Research and Development,Schultz and Sons,41
Engineering,Luettgen-Schimmel,42
Engineering,Crist Inc,43
Services,"Bauch, Skiles and Bruen",44
Support,Waelchi Inc,45
Services,Bergstrom Group,46
Support,Emmerich-Frami,47
Human Resources,"Marquardt, Hudson and Bradtke",48
Legal,Purdy Group,49
Research and Development,Streich-Gleason,50
Human Resources,Gislason-Harvey,51
Human Resources,Parker-Carter,52
Engineering,"Veum, Wehner and Kiehn",53
Human Resources,Romaguera-Price,54
Engineering,Rempel-Kuhlman,55
Support,"Olson, Daugherty and Grady",56
Services,Waters-Medhurst,57
Product Management,Abbott LLC,58
Legal,White Inc,59
Sales,Roob and Sons,60
Business Development,Thiel Inc,61
Services,Schaden LLC,62
Support,Ferry and Sons,63
Research and Development,"Vandervort, Crist and Kuhic",64
Marketing,Auer-Hartmann,65
Training,Borer-Roob,66
Engineering,Schroeder-Kuphal,67
Training,Padberg-Greenholt,68
Human Resources,"Hartmann, Wisoky and Dietrich",69
Training,Armstrong Group,70
Legal,"Batz, Koelpin and Wiegand",71
Business Development,Kuvalis-Stanton,72
Sales,Cole Group,73
Training,"Lebsack, Hermiston and Wolf",74
Research and Development,"McGlynn, Kirlin and Hilll",75
Human Resources,Monahan Inc,76
Marketing,Beahan-Gulgowski,77
Support,Rice-Koss,78
Sales,"Jacobson, Goodwin and Wiegand",79
Services,"Torp, Yost and Marvin",80
Business Development,"Blanda, Yundt and Boyle",81
Marketing,Heathcote Inc,82
Product Management,Mraz-Keeling,83
Legal,Harber-Davis,84
Sales,"Breitenberg, Carroll and Emard",85
Product Management,Roberts-Treutel,86
Engineering,Gutkowski-Hyatt,87
Business Development,Runte and Sons,88
Support,"Runte, Borer and Kihn",89
Engineering,"Huels, Schowalter and Schuppe",90
Research and Development,Kuhlman-Dickinson,91
Sales,Smith Inc,92
Legal,Bauch-Goldner,93
Services,Nitzsche Group,94
Research and Development,Jakubowski-Dach,95
Engineering,"Jacobi, Weber and Effertz",96
Accounting,"Muller, Kling and Mertz",97
Accounting,Kautzer LLC,98
Support,"Hagenes, Luettgen and Kutch",99
Accounting,Rohan-Ankunding,100
Legal,Ullrich Inc,101
Research and Development,"Parker, Grady and Price",102
Research and Development,Daniel-Moen,103
Sales,Satterfield-Becker,104
Business Development,Waelchi-Wolf,105
Engineering,Sanford-Kautzer,106
Legal,Connelly Group,107
Human Resources,"Terry, Muller and DuBuque",108
Human Resources,D'Amore-Fay,109
Marketing,"Kozey, Dibbert and Wintheiser",110
Marketing,Dickens-Gulgowski,111
Sales,Metz-Grant,112
Human Resources,Volkman-Pacocha,113
Product Management,"Prosacco, Fadel and Kerluke",114
Support,Becker-Dare,115
Product Management,Kulas-Nicolas,116
Sales,Wiegand LLC,117
Product Management,"Bogisich, Shanahan and Dietrich",118
Legal,"Luettgen, Kunze and Tillman",119
Business Development,"Bogan, Gislason and Lueilwitz",120
Research and Development,Langworth-Rempel,121
Product Management,Hahn LLC,122
Accounting,Lubowitz-Hand,123
Research and Development,Schiller and Sons,124
Services,"Jerde, Turner and Monahan",125
Marketing,Spinka-Nolan,126
Research and Development,Stamm LLC,127
Engineering,"O'Hara, Olson and Spinka",128
Support,"Pacocha, Hettinger and Friesen",129
Accounting,"Bednar, Yundt and Brown",130
Human Resources,Wilderman-Bauch,131
Accounting,Kshlerin-Harris,132
Product Management,West-Runte,133
Training,Hirthe-McLaughlin,134
Marketing,"Christiansen, Schroeder and Dietrich",135
Support,Schimmel-Moore,136
Support,Hayes-Anderson,137
Research and Development,Runte-Schaden,138
Support,"Schultz, Koepp and Heaney",139
Training,"Abernathy, Bogisich and Schaefer",140
Sales,"Beatty, Russel and Gaylord",141
Human Resources,"Green, Schuppe and Langosh",142
Research and Development,Harber-Kihn,143
Support,Conn Group,144
Human Resources,"Connelly, Rau and Stamm",145
Human Resources,"Littel, Powlowski and Aufderhar",146
Product Management,"Gaylord, Corkery and Murray",147
Sales,"Fay, Roberts and Jakubowski",148
Human Resources,Bartell and Sons,149
Training,Lubowitz LLC,150
Training,"Lesch, Wiza and Stanton",151
Human Resources,Balistreri and Sons,152
Training,Veum Inc,153
Legal,"Sawayn, Baumbach and Koss",154
Support,"Lubowitz, Schneider and Bauch",155
Product Management,Bergstrom-McClure,156
Business Development,Gorczany Group,157
Sales,Jacobi LLC,158
Marketing,Stamm-Watsica,159
Business Development,Treutel and Sons,160
Support,Goodwin and Sons,161
Human Resources,Farrell-Roberts,162
Engineering,"Feil, Pagac and Reinger",163
Support,Morar-Schinner,164
Marketing,Strosin Inc,165
Engineering,Gusikowski-Mayert,166
Engineering,Bartell Inc,167
Services,"Block, Toy and Koch",168
Marketing,"Brakus, Kertzmann and Pouros",169
Accounting,Beatty-Osinski,170
Training,Bernhard-Runte,171
Product Management,Haag Inc,172
Marketing,"Crona, Durgan and Mayert",173
Business Development,"Hodkiewicz, Swaniawski and Boyle",174
Sales,Stark Group,175
Human Resources,Vandervort-VonRueden,176
Legal,"Nicolas, Huels and Bogisich",177
Support,Rippin-Zemlak,178
Research and Development,Carroll-Hessel,179
Business Development,"Lebsack, Jones and Hackett",180
Product Management,"Boyer, Howe and Dickinson",181
Engineering,Johns-Schmitt,182
Marketing,"Hermann, Kohler and Parisian",183
Services,Kohler-Reinger,184
Support,"Green, Feil and Kub",185
Support,"Senger, Collier and Heathcote",186
Engineering,Schaden and Sons,187
Legal,Hand-Jerde,188
Research and Development,Runolfsdottir Group,189
Engineering,"Walker, Dickens and Baumbach",190
Sales,"Zemlak, McKenzie and Trantow",191
Accounting,Ortiz-McClure,192
Sales,Heller-Moore,193
Accounting,"Jenkins, Kozey and Corwin",194
Sales,Durgan Inc,195
Business Development,"Stamm, Braun and Hettinger",196
Engineering,Smith-Nienow,197
Training,Rosenbaum LLC,198
Marketing,Schuster-O'Connell,199
Support,Zboncak-King,200
Sales,"Roob, Schultz and Treutel",201
Engineering,Breitenberg-O'Connell,202
Training,Lowe LLC,203
Services,Bahringer and Sons,204
Sales,"West, Metz and Schneider",205
Product Management,Gaylord Group,206
Training,Sauer Inc,207
Support,Kilback-Tromp,208
Engineering,"Kuvalis, Greenholt and Spencer",209
Human Resources,Greenholt and Sons,210
Services,"Ledner, Considine and Jenkins",211
Sales,"Greenholt, Baumbach and Wilkinson",212
Research and Development,Cruickshank Inc,213
Research and Development,"Okuneva, Feeney and Hills",214
Marketing,"Graham, Graham and Orn",215
Product Management,Powlowski-Schultz,216
Business Development,Feeney-Bogan,217
Training,Kunze Inc,218
Product Management,"Lowe, Schamberger and Labadie",219
Marketing,Schmidt and Sons,220
Product Management,Wyman and Sons,221
Engineering,Vandervort-Jaskolski,222
Business Development,"Reilly, Tillman and Schuppe",223
Marketing,Senger LLC,224
Legal,Cronin and Sons,225
Support,"Olson, Tremblay and Bednar",226
Legal,Bednar Inc,227
Legal,Barton-Lind,228
Engineering,Zboncak-Robel,229
Human Resources,"D'Amore, Schroeder and Wunsch",230
Engineering,"Stroman, Boehm and Blanda",231
Marketing,Hyatt and Sons,232
Training,"Steuber, Ritchie and O'Conner",233
Support,"Krajcik, Brekke and Gulgowski",234
Services,Terry LLC,235
Training,Pouros-Harris,236
Human Resources,Powlowski LLC,237
Business Development,Renner Group,238
Research and Development,"Bruen, Farrell and Frami",239
Legal,"Blick, Boehm and Roob",240
Sales,Marks Group,241
Human Resources,Bins Inc,242
Business Development,"Dickinson, Powlowski and Lehner",243
Accounting,"Towne, Hyatt and White",244
Sales,"Hyatt, Schaefer and Schuster",245
Sales,"Emard, Murray and Rice",246
Research and Development,"Block, Ferry and Hyatt",247
Services,"Ratke, Aufderhar and Dickens",248
Services,Oberbrunner-Labadie,249
Accounting,Kautzer and Sons,250
Training,Mitchell LLC,251
Training,Grimes-Stanton,252
Support,Schiller-Kirlin,253
Services,Pfannerstill Inc,254
Support,Paucek Group,255
Support,Orn-Skiles,256
Research and Development,Witting-Lesch,257
Legal,"Satterfield, Marquardt and Hudson",258
Engineering,Terry LLC,259
Marketing,Kuphal and Sons,260
Marketing,Runte-Boyle,261
Human Resources,Pagac Group,262
Accounting,"King, Kassulke and Smith",263
Training,Heidenreich and Sons,264
Research and Development,Nitzsche-Hackett,265
Support,Deckow LLC,266
Support,"Sauer, Bogisich and King",267
Support,"Daniel, Pfannerstill and Erdman",268
Sales,"Bode, Pollich and Gleason",269
Sales,Effertz-Kris,270
Legal,"Cormier, Ebert and Kuhic",271
Training,Crona LLC,272
Product Management,Hodkiewicz Group,273
Legal,Harvey-Weimann,274
Support,Rice-Ernser,275
Training,Homenick-Rempel,276
Legal,Glover-Larson,277
Services,Hyatt and Sons,278
Accounting,"Monahan, Gorczany and Klocko",279
Legal,Schmeler Group,280
Services,Bradtke-Heller,281
Business Development,"McCullough, Prosacco and Lesch",282
Research and Development,"Stiedemann, Cartwright and Hilpert",283
Accounting,Abshire LLC,284
Legal,McGlynn and Sons,285
Legal,Jakubowski and Sons,286
Research and Development,Mraz Inc,287
Product Management,Ritchie-Roob,288
Engineering,West-Champlin,289
Legal,"Hartmann, Kling and Schimmel",290
Human Resources,Walker-Friesen,291
Accounting,"Schroeder, Feest and Feest",292
Marketing,Ritchie Inc,293
Marketing,"Labadie, Lebsack and Koss",294
Business Development,Haag-Heidenreich,295
Accounting,Smith Inc,296
Sales,Harris-Johnston,297
Product Management,"Wiegand, Terry and Jerde",298
Engineering,Stroman-Stroman,299
Human Resources,Senger-Nikolaus,300
Training,"Fisher, Nienow and Barrows",301
Services,Murray LLC,302
Human Resources,"Adams, Bartoletti and Muller",303
Business Development,"Connelly, Lebsack and Ryan",304
Accounting,Bayer-Mohr,305
Training,"Hamill, Effertz and Zemlak",306
Accounting,"Pagac, Bergnaum and Durgan",307
Research and Development,"Heathcote, Purdy and Hoeger",308
Accounting,Herzog LLC,309
Research and Development,Schiller-Kassulke,310
Product Management,"Bradtke, Goldner and Lakin",311
Support,Wiegand LLC,312
Business Development,"Mills, Jerde and Powlowski",313
Research and Development,Jast and Sons,314
Training,"Schneider, Beatty and Dietrich",315
Accounting,O'Kon-Dooley,316
Engineering,Block LLC,317
Support,"Veum, Jacobs and DuBuque",318
Accounting,"Bayer, Goyette and Rohan",319
Sales,Hand-Wyman,320
Services,Prosacco-Cremin,321
Sales,Lowe and Sons,322
Engineering,Schroeder and Sons,323
Marketing,Treutel Group,324
Services,Botsford-Bahringer,325
Accounting,Beahan Group,326
Training,Jakubowski Inc,327
Support,Skiles-Dooley,328
Research and Development,Boehm-Dietrich,329
Research and Development,"Shields, Jacobs and Conroy",330
Business Development,Bartell and Sons,331
Accounting,Hauck-Lueilwitz,332
Human Resources,Ryan-Upton,333
Engineering,"Buckridge, Rempel and Braun",334
Training,Kemmer Group,335
Engineering,Ullrich-Breitenberg,336
Product Management,"Pollich, Dare and Paucek",337
Engineering,"Blanda, Stiedemann and Vandervort",338
Marketing,Hand-Medhurst,339
Marketing,"Schultz, Johnson and Breitenberg",340
Sales,Jakubowski-Marquardt,341
Engineering,Gutkowski Group,342
Accounting,Kuhic-Kertzmann,343
Business Development,Dickinson Group,344
Marketing,Spencer-Rau,345
Human Resources,Schroeder-Becker,346
Legal,Lesch-Adams,347
Product Management,Dietrich-Kreiger,348
Business Development,"Hickle, Hudson and Kuhlman",349
Support,"McGlynn, Fisher and Greenfelder",350
Services,Koelpin-Rempel,351
Support,Nitzsche-Bashirian,352
Training,Beer and Sons,353
Product Management,Champlin Inc,354
Sales,"Dickinson, Brakus and Sipes",355
Accounting,"Prohaska, Stoltenberg and Volkman",356
Support,"Collier, Feeney and Durgan",357
Research and Development,"Friesen, Koepp and Reichel",358
Marketing,Hettinger Group,359
Legal,Hettinger-Sauer,360
Product Management,Schamberger Inc,361
Engineering,"Boehm, Parisian and Jast",362
Support,Wolf and Sons,363
Engineering,Conroy Inc,364
Research and Development,"Keebler, Abbott and Wiegand",365
Research and Development,Block Group,366
Accounting,Wolf-Schaefer,367
Services,"Crona, Stark and Bartoletti",368
Sales,Hansen LLC,369
Business Development,McGlynn-Nienow,370
Training,"Schulist, Schumm and Feest",371
Training,Ratke-Hansen,372
Product Management,Becker-Batz,373
Legal,Tillman-Lynch,374
Support,Labadie Inc,375
Accounting,"Gottlieb, Schmidt and Toy",376
Marketing,Bogisich and Sons,377
Legal,"Runte, Monahan and VonRueden",378
Marketing,Kunde-Kuhic,379
Support,O'Hara-Hills,380
Business Development,"Nikolaus, Stoltenberg and Hessel",381
Research and Development,Schiller LLC,382
Business Development,Ankunding-Wolff,383
Business Development,Kling-Adams,384
Business Development,Johns-Ebert,385
Business Development,Doyle-Ledner,386
Support,Lindgren-Kuhn,387
Business Development,McGlynn LLC,388
Engineering,Hyatt Group,389
Marketing,O'Reilly Group,390
Services,Hermiston-Bogan,391
Training,"Boyle, Kautzer and Wyman",392
Legal,"Powlowski, Williamson and Orn",393
Marketing,"Schowalter, Kautzer and Boyle",394
Accounting,Kuvalis LLC,395
Training,Adams and Sons,396
Product Management,"Feeney, Corwin and Bechtelar",397
Training,Koelpin and Sons,398
Research and Development,Leannon-Lang,399
Business Development,Rogahn-Rice,400
Training,Daniel LLC,401
Services,Hermiston Inc,402
Human Resources,Rippin and Sons,403
Sales,"Veum, Schmitt and Dickinson",404
Human Resources,Hoeger LLC,405
Sales,Kovacek Inc,406
Sales,Bailey-Nitzsche,407
Services,Leannon Inc,408
Support,Simonis and Sons,409
Human Resources,Lindgren LLC,410
Support,Runte-Bernhard,411
Marketing,Spencer-Tromp,412
Training,Schmitt-Walter,413
Product Management,Ratke Group,414
Services,"Parker, Williamson and Will",415
Support,Lueilwitz Group,416
Support,"Schultz, Kihn and Schimmel",417
Sales,"Beahan, Brown and Zieme",418
Support,"Windler, Steuber and Swaniawski",419
Support,Langosh-Mitchell,420
Business Development,Pollich-Willms,421
Support,"Wehner, Corwin and Lowe",422
Marketing,Jacobs-Leffler,423
Human Resources,Towne LLC,424
Human Resources,Upton and Sons,425
Engineering,Reichel-Prohaska,426
Sales,Veum LLC,427
Research and Development,Ruecker-Schneider,428
Training,"Greenfelder, Morissette and O'Keefe",429
Legal,Gibson-Friesen,430
Engineering,"Swift, Medhurst and Swaniawski",431
Business Development,"Bruen, McGlynn and Denesik",432
Accounting,"Williamson, Tillman and Stamm",433
Business Development,Christiansen-Hodkiewicz,434
Legal,Beatty-Runolfsson,435
Legal,Treutel-Dach,436
Product Management,Bayer LLC,437
Services,"Howell, Davis and Boyle",438
Legal,"Hackett, Green and Legros",439
Legal,Ziemann Group,440
Research and Development,"Sporer, Gutmann and Nader",441
Human Resources,Pollich Group,442
Training,"Beer, Leffler and Ward",443
Accounting,Von and Sons,444
Research and Development,Johnston-Upton,445
Sales,Schultz-Lakin,446
Marketing,Kassulke-Armstrong,447
Training,Padberg Group,448
Support,Hyatt LLC,449
Accounting,Marks-Wuckert,450
Training,"Leuschke, Zulauf and Luettgen",451
Business Development,"Bednar, Keeling and Cronin",452
Support,Quigley and Sons,453
Research and Development,"Ryan, Sanford and Schumm",454
Human Resources,"Von, Gaylord and Wolff",455
Human Resources,Stiedemann and Sons,456
Research and Development,Muller-Rutherford,457
Training,Schowalter-Kilback,458
Research and Development,Gislason and Sons,459
Training,"O'Kon, Abshire and Brown",460
Research and Development,"Wilderman, Wiegand and Stark",461
Marketing,"Collins, Marquardt and Nicolas",462
Product Management,Grimes-Bergnaum,463
Accounting,"Waelchi, Doyle and Welch",464
Research and Development,Durgan-Okuneva,465
Research and Development,Reichert-Turner,466
Training,Schmitt-Nicolas,467
Business Development,Trantow-Erdman,468
Support,Bergstrom Inc,469
Business Development,Christiansen-Maggio,470
Legal,"Hansen, Schuppe and Bode",471
Sales,Friesen LLC,472
Accounting,Thompson Group,473
Human Resources,Okuneva-Lockman,474
Legal,Nolan Inc,475
Legal,Shanahan LLC,476
Product Management,"Keeling, Botsford and Powlowski",477
Accounting,Rolfson Inc,478
Human Resources,Abbott-Cruickshank,479
Engineering,Schoen-Klocko,480
Research and Development,Sanford Group,481
Human Resources,Auer-Carroll,482
Product Management,"Reichel, Runte and Kris",483
Product Management,Hegmann Inc,484
Business Development,"Bauch, Ondricka and Weber",485
Legal,Mante Inc,486
Engineering,Corkery-Kerluke,487
Support,Lakin and Sons,488
Engineering,Schumm LLC,489
Support,"Streich, Roberts and Rath",490
Services,Kuphal and Sons,491
Training,Konopelski LLC,492
Engineering,Champlin-Nienow,493
Sales,Morar Group,494
Business Development,"O'Connell, Walsh and Terry",495
Training,Goodwin-Mohr,496
Support,Anderson LLC,497
Engineering,"Harber, Abbott and Mertz",498
Support,"Reilly, Will and Renner",499
Marketing,Donnelly Inc,500
Product Management,Boehm Group,501
Engineering,"Weimann, Batz and Altenwerth",502
Marketing,"Simonis, Sanford and Bergstrom",503
Human Resources,Bergstrom Inc,504
Marketing,Gibson LLC,505
Engineering,"Pfeffer, Rowe and Schamberger",506
Sales,Hudson-Bashirian,507
Sales,"Kozey, Windler and Kohler",508
Support,Casper and Sons,509
Support,Rodriguez-Lowe,510
Product Management,Runte Group,511
Research and Development,Schowalter-Sporer,512
Product Management,Ankunding and Sons,513
Business Development,Mraz LLC,514
Legal,"Hintz, Price and Armstrong",515
Accounting,Crooks Group,516
Business Development,Casper LLC,517
Business Development,Ernser Inc,518
Research and Development,Berge-Abernathy,519
Services,Steuber-Kutch,520
Research and Development,Klocko Inc,521
Human Resources,"Bahringer, Waelchi and Ratke",522
Legal,Ullrich Inc,523
Engineering,Vandervort-Trantow,524
Legal,Wolf and Sons,525
Training,Herman and Sons,526
Support,Lehner LLC,527
Training,Spencer Inc,528
Product Management,"Padberg, Dickens and Tromp",529
Marketing,Kohler-Dickinson,530
Services,Lehner Inc,531
Sales,"Mante, Berge and Ratke",532
Support,Mann Inc,533
Marketing,Bosco Inc,534
Accounting,Wyman-Koelpin,535
Business Development,Schulist LLC,536
Legal,Murphy-Krajcik,537
Sales,Wiza LLC,538
Business Development,McKenzie-Hermann,539
Human Resources,Hane-Klein,540
Accounting,"Larkin, Auer and Klocko",541
Services,Orn and Sons,542
Support,"Bergstrom, Prohaska and Senger",543
Engineering,Ledner LLC,544
Accounting,Waters-Abbott,545
Business Development,Rohan-Cormier,546
Services,"Sauer, Lindgren and Zemlak",547
Business Development,Keeling-Buckridge,548
Training,Cassin-O'Kon,549
Human Resources,Greenfelder LLC,550
Training,Greenfelder LLC,551
Human Resources,Boehm and Sons,552
Support,Stamm Group,553
Business Development,"Crist, White and Padberg",554
Marketing,"Effertz, Kling and Parisian",555
Services,"Hermiston, Sipes and Christiansen",556
Support,Watsica-Braun,557
Human Resources,"Dicki, Stroman and Heidenreich",558
Legal,"Cruickshank, Fadel and Kirlin",559
Business Development,"Strosin, Lehner and Lemke",560
Training,Williamson LLC,561
Product Management,"Lakin, Glover and Murphy",562
Engineering,Wisozk LLC,563
Research and Development,Bogisich-Nienow,564
Human Resources,"Bernhard, Lehner and Botsford",565
Engineering,Renner LLC,566
Support,Bauch Inc,567
Human Resources,"Little, Conn and Herzog",568
Business Development,"Walsh, Weissnat and Maggio",569
Accounting,Carroll and Sons,570
Business Development,"Dicki, Quigley and Bernier",571
Accounting,"Kuhlman, Rippin and Greenfelder",572
Marketing,Jaskolski-Fritsch,573
Sales,"Kuhic, Dickens and Altenwerth",574
Marketing,Robel and Sons,575
Legal,Hoeger-Bergnaum,576
Legal,"Rippin, Kautzer and Hudson",577
Legal,Kessler-Osinski,578
Training,Berge Group,579
Product Management,"Franecki, Shanahan and Rolfson",580
Training,"Lesch, Harvey and Brown",581
Accounting,"Reichert, Dach and Ziemann",582
Product Management,Steuber Inc,583
Legal,Farrell-Windler,584
Research and Development,"Gislason, Gulgowski and Feest",585
Human Resources,Schuster and Sons,586
Services,"Mertz, Kuvalis and Harber",587
Support,O'Kon and Sons,588
Marketing,"Cummerata, Little and Howe",589
Business Development,"Braun, Bogisich and Kuhlman",590
Training,Upton and Sons,591
Legal,Watsica Group,592
Legal,"Funk, Metz and Jakubowski",593
Product Management,Murazik Inc,594
Research and Development,"Douglas, Kreiger and Wiza",595
Business Development,"Sawayn, Weissnat and Hahn",596
Human Resources,Wuckert-Wilderman,597
Training,"Macejkovic, Leffler and Mann",598
Engineering,Hodkiewicz-Bauch,599
Legal,Leannon-Rohan,600
Engineering,"Crona, Boyle and Littel",601
Human Resources,Toy Group,602
Sales,Marvin and Sons,603
Business Development,Hoppe-Pfannerstill,604
Product Management,Christiansen and Sons,605
Legal,Price-Kuphal,606
Legal,"Swift, Braun and Schumm",607
Product Management,"McKenzie, Keeling and Gottlieb",608
Research and Development,"Simonis, Hilpert and Wuckert",609
Marketing,Gleason Group,610
Support,O'Connell-Hyatt,611
Research and Development,Towne Inc,612
Marketing,Langworth-Parker,613
Sales,"Hettinger, Lesch and Vandervort",614
Services,"Moore, Conn and McLaughlin",615
Legal,Kilback Group,616
Engineering,Kautzer Group,617
Legal,Thompson Group,618
Business Development,Nicolas-Greenfelder,619
Marketing,Marvin-West,620
Support,Veum-Anderson,621
Services,"Davis, Ziemann and Lang",622
Engineering,Hettinger Inc,623
Product Management,Nikolaus-Gislason,624
Training,Towne-Feil,625
Sales,Bartoletti and Sons,626
Legal,"Armstrong, Bayer and Gleason",627
Sales,"Koelpin, Cole and Beahan",628
Accounting,Hintz-McGlynn,629
Engineering,Daugherty-Hyatt,630
Training,Bednar Group,631
Product Management,Kessler Group,632
Support,Steuber Group,633
Sales,Dicki LLC,634
Support,"Terry, Schuster and Armstrong",635
Services,Hilpert and Sons,636
Research and Development,"Hickle, Zemlak and Casper",637
Research and Development,Casper Group,638
Business Development,Von-Hand,639
Engineering,Wiegand-Reichert,640
Accounting,"Balistreri, Schneider and Erdman",641
Support,"Kilback, Monahan and Ullrich",642
Research and Development,Nicolas-Spencer,643
Legal,Padberg-Jaskolski,644
Legal,Anderson Inc,645
Engineering,Gulgowski-Davis,646
Legal,"Fay, Bogan and Walker",647
Business Development,Waters Group,648
Services,Champlin and Sons,649
Product Management,"Halvorson, Douglas and Wunsch",650
Business Development,Stark Group,651
Sales,Beahan and Sons,652
Support,"Sanford, Johnson and Boyer",653
Accounting,Bins LLC,654
Product Management,"Kessler, Hahn and Purdy",655
Product Management,Grimes LLC,656
Human Resources,"Pfannerstill, Weber and Von",657
Engineering,Borer LLC,658
Product Management,Kozey-Yost,659
Accounting,"Schaefer, Jones and Bogisich",660
Human Resources,"Murray, Heathcote and Bernier",661
Training,Hintz-Cassin,662
Marketing,Durgan LLC,663
Marketing,"Gorczany, Hoppe and Koss",664
Accounting,"Leffler, Prosacco and Schumm",665
Training,Stehr-Rodriguez,666
Human Resources,Gulgowski Group,667
Legal,Roberts and Sons,668
Product Management,Stamm-Upton,669
Services,"Klein, Schmidt and Boehm",670
Support,"Boehm, Koss and Kiehn",671
Human Resources,Johnson-Aufderhar,672
Human Resources,Smitham and Sons,673
Legal,Bernhard and Sons,674
Human Resources,Smitham-Jerde,675
Accounting,Waters LLC,676
Engineering,"Zulauf, Swift and Abbott",677
Human Resources,"Hermann, Konopelski and Grimes",678
Human Resources,Schulist LLC,679
Human Resources,"Ryan, Graham and Bayer",680
Training,Russel-Fahey,681
Services,Gorczany LLC,682
Legal,Hilll LLC,683
Human Resources,"Senger, Buckridge and Blick",684
Product Management,Waters-Beatty,685
Engineering,Hudson and Sons,686
Human Resources,Gibson Group,687
Services,Price-Thompson,688
Support,Simonis-Hudson,689
Research and Development,Quitzon-Tromp,690
Accounting,Pollich and Sons,691
Engineering,Kiehn-Feil,692
Engineering,"Bergstrom, Stamm and Graham",693
Services,"Keeling, Douglas and Lynch",694
Engineering,Ruecker-Veum,695
Legal,Klein-Hermann,696
Legal,Ondricka-O'Connell,697
Marketing,"Thiel, Williamson and Smith",698
Training,Weissnat-Cormier,699
Engineering,Legros-Okuneva,700
Business Development,"Kunze, Heidenreich and Carroll",701
Marketing,"Deckow, Dicki and Sporer",702
Business Development,Stehr LLC,703
Sales,"Jaskolski, Goyette and Terry",704
Training,"Baumbach, Dickens and Halvorson",705
Services,"Emard, Kozey and Cole",706
Sales,Glover Inc,707
Research and Development,Kuhic and Sons,708
Sales,Toy LLC,709
Services,Keebler Group,710
Marketing,Jenkins-Hegmann,711
Training,Boyer-Mertz,712
Accounting,King LLC,713
Accounting,Olson-Ebert,714
Support,"Bode, Lowe and Russel",715
Services,Bogan-Schmidt,716
Accounting,Paucek Group,717
Human Resources,Cole and Sons,718
Sales,Gutkowski-Nikolaus,719
Training,"Volkman, Roob and Hahn",720
Engineering,"Bosco, Prosacco and Hammes",721
Product Management,"Glover, Wiza and Torp",722
Marketing,Gerhold LLC,723
Services,"Hermiston, Larkin and Barrows",724
Marketing,Cormier Group,725
Services,"Gottlieb, Ritchie and Rutherford",726
Accounting,"Kirlin, Wisoky and Kilback",727
Human Resources,"Lind, Bernier and Howe",728
Business Development,Pollich-Purdy,729
Marketing,"Koelpin, Langosh and Mitchell",730
Business Development,Haag Inc,731
Services,"Schinner, Veum and Cormier",732
Business Development,Wehner-Medhurst,733
Business Development,Hermann Group,734
Human Resources,Glover-Stroman,735
Human Resources,"Kuvalis, Stoltenberg and Kuhic",736
Human Resources,"Senger, Jerde and Leannon",737
Human Resources,Gulgowski-Barrows,738
Product Management,Stanton-Beier,739
Support,"Funk, McDermott and Leannon",740
Services,Cormier-Doyle,741
Sales,Lemke and Sons,742
Services,"Barton, Champlin and Konopelski",743
Product Management,"Considine, Hudson and Jacobi",744
Training,Kiehn-Ward,745
Engineering,Hamill and Sons,746
Support,Nolan-Grady,747
Product Management,"Metz, Kuhn and Weissnat",748
Engineering,King-Tromp,749
Sales,Barton-Hartmann,750
Business Development,Kub-Beatty,751
Product Management,"O'Kon, Koch and Schultz",752
Accounting,"VonRueden, Lynch and Dibbert",753
Product Management,Wunsch-Gerlach,754
Marketing,Lakin-Witting,755
Engineering,Haley LLC,756
Accounting,"Beahan, Welch and Kerluke",757
Accounting,Littel-McLaughlin,758
Services,"Nicolas, Shanahan and Quigley",759
Legal,Wolff-Turner,760
Support,"Fahey, Boehm and Yost",761
Services,Harvey Inc,762
Human Resources,"Ledner, Abshire and Koch",763
Research and Development,Rolfson Group,764
Product Management,"Schmidt, Moen and Powlowski",765
Support,Brakus-Kirlin,766
Engineering,Towne and Sons,767
Support,Gutkowski Group,768
Product Management,"Emmerich, Casper and Wisozk",769
Product Management,Wiegand-Goldner,770
Engineering,Mann and Sons,771
Human Resources,Purdy LLC,772
Training,"Bogisich, Altenwerth and Labadie",773
Engineering,"Stamm, Kuhlman and Hackett",774
Research and Development,Grady-Botsford,775
Research and Development,Sawayn-Torphy,776
Research and Development,Macejkovic-Mante,777
Training,Schroeder-Mayert,778
Legal,Simonis Group,779
Business Development,Bechtelar Inc,780
Marketing,Abbott Group,781
Marketing,"Langworth, Hackett and Kerluke",782
Business Development,DuBuque Inc,783
Accounting,Haley Inc,784
Sales,Wehner-Towne,785
Human Resources,"Boyer, Hills and Barton",786
Marketing,Nitzsche-Weissnat,787
Research and Development,"McKenzie, Senger and Rogahn",788
Product Management,Wolf-Bins,789
Legal,Yost-Weimann,790
Human Resources,Upton Group,791
Sales,Yost-Robel,792
Product Management,Abshire-Greenfelder,793
Research and Development,Schmitt-Murphy,794
Marketing,McDermott-Predovic,795
Training,Green Inc,796
Sales,"Mayer, Crooks and Bins",797
Services,Kovacek-Murazik,798
Marketing,"Brakus, Kunze and Cole",799
Services,O'Keefe-Torp,800
Sales,O'Keefe-Jakubowski,801
Accounting,Osinski-Mertz,802
Support,McCullough LLC,803
Research and Development,"Rolfson, Yost and Jerde",804
Training,Ward Inc,805
Training,Runolfsson-Haley,806
Support,Bahringer and Sons,807
Business Development,Stoltenberg Inc,808
Research and Development,Wehner LLC,809
Legal,"Hills, Yost and Cremin",810
Training,"Heller, Blanda and Hamill",811
Services,Willms-Sanford,812
Training,Wuckert LLC,813
Human Resources,Schuster-Roob,814
Sales,Homenick-Langworth,815
Research and Development,Bernier-Spinka,816
Product Management,"Fritsch, Fadel and Ryan",817
Marketing,Lindgren-Pollich,818
Marketing,"Yost, Mann and Johnston",819
Research and Development,"Block, Hansen and Jast",820
Sales,Senger Inc,821
Sales,Brakus LLC,822
Product Management,Walsh and Sons,823
Services,"Gleichner, Heathcote and Dietrich",824
Engineering,Farrell-Price,825
Services,Mayert-Schmeler,826
Support,"Hartmann, Christiansen and Senger",827
Product Management,"Stanton, Rogahn and Dooley",828
Services,Block-Ruecker,829
Accounting,Robel Inc,830
Training,Conroy Inc,831
Human Resources,Vandervort and Sons,832
Human Resources,"Lakin, Bernhard and Metz",833
Product Management,"Morissette, Kreiger and Wintheiser",834
Business Development,Ratke-Dietrich,835
Accounting,Olson and Sons,836
Business Development,"Feest, Crona and Ryan",837
Research and Development,"Reilly, Mills and Ankunding",838
Accounting,"Miller, Hermann and Kub",839
Research and Development,"Baumbach, Cummings and Wilkinson",840
Legal,O'Conner Group,841
Engineering,Bednar and Sons,842
Human Resources,"Predovic, Johnston and Zemlak",843
Services,Gleason Inc,844
Support,Douglas-Morar,845
Training,Sanford Inc,846
Product Management,Pfannerstill and Sons,847
Support,"Zboncak, Mayert and Kovacek",848
Services,O'Reilly-Graham,849
Human Resources,Johns-Hermann,850
Training,"O'Connell, Ernser and Rempel",851
Marketing,"Jast, Gleason and Corwin",852
Legal,Bosco-Beatty,853
Product Management,"Metz, Hansen and Murray",854
Support,"Macejkovic, Skiles and Bednar",855
Accounting,Satterfield-MacGyver,856
Business Development,"Von, Nader and Johnston",857
Services,Hudson-Rowe,858
Product Management,Walter-Luettgen,859
Engineering,O'Connell-Armstrong,860
Accounting,"Casper, Wehner and Monahan",861
Services,"Volkman, Schaden and White",862
Product Management,"Hauck, Streich and Schuster",863
Research and Development,Pacocha Group,864
Services,Rice-Herzog,865
Engineering,Hoppe and Sons,866
Human Resources,Torp and Sons,867
Accounting,Kilback-Bergstrom,868
Support,"Tromp, Gutmann and Jerde",869
Research and Development,"Shanahan, Wilkinson and Abbott",870
Human Resources,"Schmidt, Abernathy and Hamill",871
Legal,Wolf-Boehm,872
Research and Development,"Anderson, Wehner and Sporer",873
Research and Development,"Connelly, Wilderman and Towne",874
Sales,Quitzon-Boyer,875
Business Development,Lubowitz Group,876
Services,Bauch LLC,877
Business Development,Ryan-Pouros,878
Sales,"Little, Wintheiser and Rogahn",879
Training,Rau-Wilkinson,880
Support,Stokes-Zieme,881
Research and Development,Jast-Barton,882
Sales,Davis Inc,883
Product Management,"Kessler, Runolfsson and Yost",884
Legal,Gusikowski-Ratke,885
Accounting,Heathcote-Konopelski,886
Legal,Medhurst-Homenick,887
Support,Bartoletti Inc,888
Business Development,"Monahan, Schuster and Doyle",889
Services,Price Inc,890
Human Resources,"Russel, Flatley and Nolan",891
Research and Development,Kuhic-Jacobson,892
Research and Development,Schmitt Inc,893
Product Management,Barrows and Sons,894
Sales,Ferry and Sons,895
Sales,Raynor Group,896
Support,"Rath, Cormier and Hickle",897
Services,"Cartwright, Schoen and Crooks",898
Accounting,"Kilback, Homenick and Will",899
Engineering,"Johns, Kunde and Kiehn",900
Marketing,"Wilderman, Wiegand and Carter",901
Research and Development,Rau and Sons,902
Human Resources,"Koss, Tromp and Schowalter",903
Accounting,Jones LLC,904
Engineering,Witting and Sons,905
Support,Veum-McGlynn,906
Research and Development,Stamm LLC,907
Business Development,Graham-Towne,908
Sales,Green-Cremin,909
Sales,"Schuppe, Cole and Monahan",910
Business Development,"Rolfson, Kuhic and Reinger",911
Engineering,Bergnaum Inc,912
Services,Ankunding-Kemmer,913
Business Development,"Wisozk, Bartell and Frami",914
Engineering,Batz LLC,915
Training,Keebler LLC,916
Engineering,Moore-Klein,917
Sales,Hodkiewicz and Sons,918
Engineering,Sawayn-Schaden,919
Product Management,"Stamm, Carter and Gerhold",920
Sales,Gaylord and Sons,921
Engineering,Cronin and Sons,922
Product Management,Jones-Fritsch,923
Accounting,"Berge, Brekke and O'Hara",924
Product Management,"Windler, Stehr and Hirthe",925
Accounting,"O'Kon, Renner and Simonis",926
Engineering,Deckow-Monahan,927
Product Management,"Spencer, Rempel and Murazik",928
Training,Schowalter-Flatley,929
Support,Herman-Beahan,930
Human Resources,"Beatty, Schuster and Rippin",931
Marketing,Rosenbaum-Boyle,932
Services,"Schumm, Ondricka and Altenwerth",933
Sales,"Bernier, Ledner and Kertzmann",934
Sales,"Simonis, Pfannerstill and Thiel",935
Sales,Stiedemann-Waters,936
Services,"Ferry, Kilback and Pagac",937
Business Development,VonRueden-Price,938
Research and Development,Flatley-Treutel,939
Support,Nader-Gulgowski,940
Services,Greenholt-Hickle,941
Human Resources,Frami-Christiansen,942
Services,Breitenberg LLC,943
Engineering,"Glover, Wilderman and Fahey",944
Engineering,"Beer, Hansen and Stiedemann",945
Business Development,Kling and Sons,946
Research and Development,"Simonis, Hoeger and Tillman",947
Engineering,Koepp LLC,948
Research and Development,Beahan Inc,949
Training,Wyman-Muller,950
Engineering,Bogisich-Runolfsson,951
Research and Development,O'Connell Group,952
Legal,Altenwerth-Fay,953
Business Development,"Brown, Veum and Kemmer",954
Marketing,Roob and Sons,955
Sales,Nicolas Inc,956
Accounting,Littel LLC,957
Business Development,Durgan-Stamm,958
Sales,"Moore, Jast and Renner",959
Support,"Goodwin, Stanton and Lueilwitz",960
Engineering,Pacocha-Schultz,961
Research and Development,"McClure, O'Reilly and Kunde",962
Legal,Dietrich Inc,963
Support,"Zemlak, Schultz and Walker",964
Sales,Adams Inc,965
Marketing,"Boyer, Simonis and Larkin",966
Training,Wilderman and Sons,967
Accounting,VonRueden LLC,968
Sales,Schaefer-Kuvalis,969
Business Development,"Moen, Graham and Ruecker",970
Services,Douglas LLC,971
Support,"Schmeler, Reinger and Goodwin",972
Services,"Bahringer, Beatty and Ryan",973
Research and Development,Kuhlman LLC,974
Support,"Hand, Deckow and Schulist",975
Engineering,Cummings-McClure,976
Training,"Crist, Howe and Murphy",977
Training,"Block, Ebert and Kuhn",978
Research and Development,Smitham-West,979
Sales,"Hackett, Carroll and Towne",980
Human Resources,Lehner-Graham,981
Research and Development,Haag-Doyle,982
Business Development,"Mueller, Ritchie and Becker",983
Marketing,"Jakubowski, Feeney and Mitchell",984
Human Resources,Lynch-Block,985
Research and Development,Harvey-Lesch,986
Human Resources,Schiller and Sons,987
Sales,Kuhn Group,988
Accounting,"Langworth, Bauch and Upton",989
Product Management,"Cronin, Considine and Huel",990
Research and Development,Corwin-Wiza,991
Legal,Hermiston LLC,992
Research and Development,Yost Inc,993
Engineering,Goldner and Sons,994
Sales,Kiehn and Sons,995
Marketing,Gaylord Inc,996
Research and Development,"Jaskolski, Gorczany and Nienow",997
Training,VonRueden LLC,998
Accounting,Leffler-Heaney,999
Services,Cummerata-Schaden,1000